{"first_acc": 0.06182310469314079, "end_acc": 0.6123646209386282, "expected_wins": 0.16706515086986604, "expected_wins_optimal": 0.5685957621821912}