{"first_acc": 0.29287003610108303, "end_acc": 0.720216606498195, "expected_wins": 0.0, "expected_wins_optimal": 0.38037570710778784}