{"first_acc": 0.17328519855595667, "end_acc": 0.700812274368231, "expected_wins": 0.0, "expected_wins_optimal": 0.38037570710778784}